자치구,법정동,진행단계,토지등 소유자 수,정비구역면적(㎡),건축연면적(㎡),택지면적(㎡),도로면적(㎡),공원면적(㎡),녹지면적(㎡),건폐율,용적률,높이(m),지상층수,지하층수,분양세대총수,임대세대총수,분양세대규모별분포,임대세대규모별분포
마포구,아현동,조합해산,0,207508.3,5824773.86,146506.7,254019.0,1335.71,52416.51,22.63,259.42,95.0,30.0,4.0,3209,658,3209.0,658.0
마포구,염리동,조합해산,1105,87952.2,878.4,63954.7,13579.7,5014.4,3041.219705882353,20.16,250.28,77.0,27.0,3.0,1386,285,1386.0,285.0
영등포구,신길동,조합해산,567,76602.0,233508.68,62866.2,6622.9,3606.1,2844.5,19.49,264.1,94.0,29.0,2.0,1260,286,1260.0,286.0
종로구,신영동,철거신고,56,15589.3,35566.19,13252.6,1601.1,5579.312872340426,3041.219705882353,37.06,151.5,22.0,7.0,3.0,199,0,199.0,0.0
중구,신당동,조합해산,92,8224.8,24058.75,6577.0,929.8,364.0,3041.219705882353,28.13,244.76,58.0,16.0,3.0,176,0,176.0,0.0
중구,만리동,조합해산,861,67199.3,192785.18,55172.3,3412.6,7804.6,0.0,19.61,234.27,838.6910112359551,25.0,5.0,1113,228,1113.0,228.0
중구,신당동,관리처분인가,544,58651.3,189092.58,45184.0,7992.0,3699.3,3041.219705882353,17.68,244.17,84.0,28.0,4.0,1030,183,1030.0,183.0
송파구,거여동,조합해산,670,61850.1,179787.07,43359.3,11781.6,5470.0,436.7,30.0,277.1,94.0,33.0,4.0,972,227,972.0,227.0
동대문구,청량리동,사업시행인가,688,83883.1,227419.52,63056.3,14800.8,4200.0,3041.219705882353,25.0,234.0,72.0,16.0,4.197860962566845,1242,255,1242.0,255.0
동대문구,답십리동,조합해산,405,32729.7,98513.32,27367.7,3253.0,5579.312872340426,2109.0,20.92,245.92,60.0,20.0,2.0,662,140,662.0,140.0
동대문구,용두동,조합해산,470,53371.0,150487.26,43409.0,7177.0,1865.0,920.0,23.58,226.3,65.0,21.0,2.0,869,179,869.0,179.0
동대문구,휘경동,조합해산,442,43329.0,133637.18,28587.0,6921.0,3402.0,3438.0,21.17,299.67,112.0,29.0,3.0,726,174,726.0,174.0
동대문구,이문동,일반분양승인,1759,144856.0,458412.65,115829.0,17621.0,9228.0,0.0,30.0,247.6,75.0,27.0,5.0,2528,541,2528.0,541.0
동대문구,휘경동,일반분양승인,603,65338.0,195963.42,41652.0,9316.0,3195.0,6310.0,18.45,29.96,118.0,35.0,3.0,1785,314,1785.0,314.0
동대문구,전농동,조합설립인가,633,93697.0,289080.73,72231.5,10884.0,6830.1,0.0,25.45,249.99,130.0,32.0,4.0,1398,352,1398.0,352.0
동대문구,전농동,조합해산,1495,151859.05,369840.48,108642.5,17679.9,5282.7,2125.9,22.57,238.26,63.0,22.0,3.0,1984,413,1984.0,413.0
동대문구,전농동,조합설립인가,146,16237.0,53075.09,13791.7,834.1,815.0,3041.219705882353,50.0,2.4,838.6910112359551,24.123711340206185,30.0,246,51,246.0,51.0
중구,신당동,조합설립인가,0,6389.34,230468.45,47795.1,9989.9,6108.4,3041.219705882353,28.1,299.8,175.0,35.0,3.0,1107,316,1107.0,316.0
성북구,돈암동,조합청산,342,30588.0,103248.48,25549.0,194.5,5579.312872340426,2933.0,24.84,238.0,838.6910112359551,24.123711340206185,4.197860962566845,61854,90,61854.0,90.0
성북구,보문동,조합청산,592,52245.8,1666541.09,43150.8,3103.0,5091.0,3041.219705882353,21.36,237.46,838.6910112359551,20.0,7.0,978,208,978.0,208.0
관악구,신림동,조합설립인가,1460,233729.0,394003.03,172404.0,33748.0,16178.0,787.0,60.0,230.0,838.6910112359551,33.0,4.0,2465,505,2465.0,505.0
성북구,보문동,착공신고,156,10798.5,65273.1,47372.16765550239,9473.020424528302,5579.312872340426,3041.219705882353,55.62,292.67,838.6910112359551,26.0,5.0,186,0,186.0,0.0
성북구,삼선동,일반분양승인,419,63918.5,174294.29,48086.8,9861.1,3670.0,3041.219705882353,25.87,230.29,51.0,18.0,4.0,1015,208,1015.0,208.0
노원구,상계동,정비구역지정,0,203808.54305936073,2697516.075544041,47372.16765550239,9473.020424528302,5579.312872340426,3041.219705882353,26.014252336448596,253.93227906976745,838.6910112359551,24.123711340206185,4.197860962566845,0,0,0.0,0.0
성북구,장위동,조합설립인가,1427,145174.6,392654.68,106512.0,21359.0,7442.3,0.0,21.58,211.59,71.0,25.0,7.0,2000,439,2000.0,439.0
용산구,한남동,관리처분인가,3887,393729.0,2697516.075544041,109455.0,39299.0,46506.0,9946.0,60.0,235.0,95.0,29.0,4.197860962566845,4778,979,4778.0,979.0
용산구,동빙고동,조합설립인가,1562,183707.0,2697516.075544041,54409.0,17632.0,1913.0,20038.0,60.0,223.0,170.0,50.0,4.197860962566845,1956,403,1956.0,403.0
중랑구,중화동,일반분양승인,412,44725.5,146109.23,32561.3,3268.9,4556.0,3020.7,20.6,299.95,100.0,35.0,2.0,835,220,835.0,220.0
송파구,마천동,정비계획 수립,0,203808.54305936073,2697516.075544041,47372.16765550239,9473.020424528302,5579.312872340426,3041.219705882353,26.014252336448596,253.93227906976745,838.6910112359551,24.123711340206185,4.197860962566845,0,0,0.0,0.0
성북구,장위동,조합설립추진위원회승인,392,66011.0,159270.59,52651.0,4009.0,8321.0,0.0,14.44,229.94,88.0,29.0,2.0,473,184,473.0,184.0
서대문구,홍제동,이전고시,609,5837.54,189877.66,46200.4,6437.0,2922.0,656.0,21.92,253.93227906976745,238.0,20.0,3.0,948,168,948.0,168.0
동대문구,신설동,조합설립인가,73,11204.15,46253.62,10124.8,845.05,0.0,0.0,13.48,299.5,75.0,2.0,25.0,189,110,189.0,110.0
금천구,시흥동,조합설립추진위원회승인,535,203808.54305936073,2697516.075544041,47372.16765550239,9473.020424528302,5579.312872340426,3041.219705882353,26.014252336448596,253.93227906976745,838.6910112359551,24.123711340206185,4.197860962566845,0,0,0.0,0.0
관악구,신림동,정비구역지정,0,203808.54305936073,2697516.075544041,47372.16765550239,9473.020424528302,5579.312872340426,3041.219705882353,26.014252336448596,253.93227906976745,838.6910112359551,24.123711340206185,4.197860962566845,0,0,0.0,0.0
동대문구,청량리동,사업시행인가,279,29001.0,90086.06,23136.8,2430.9,2119.5,3041.219705882353,15.99,246.98,70.0,24.0,3.0,460,150,460.0,150.0
동대문구,전농동,조합청산,298,28150.5,89012.32,19892.6,5622.9,2627.0,3041.219705882353,17.09,285.98,838.6910112359551,29.0,4.0,484,100,484.0,100.0
성북구,보문동,준공인가,237,17837.0,61497.89,15026.0,1790.0,1021.0,3041.219705882353,24.35,246.57,65.0,18.0,2.0,395,70,395.0,70.0
동대문구,청량리동,착공신고,389,35273.7,111214.94,26166.3,5896.4,5579.312872340426,1742.9,24.83,240.44,53.0,18.0,6.0,627,134,627.0,134.0
성북구,동선동,관리처분인가,166,15608.2,49120.83,47372.16765550239,2154.9,5579.312872340426,3041.219705882353,24.57,23.33,53.0,19.0,3.0,277,57,277.0,57.0
동작구,흑석동,관리처분인가,759,94579.2,187957.58,743.04,63.73,153.68,3041.219705882353,19.0,235.0,838.6910112359551,24.123711340206185,4.197860962566845,1255,215,1255.0,215.0
강북구,미아동,조합설립인가,412,35891.0,106076.78,47372.16765550239,4340.0,1935.0,3041.219705882353,26.95,242.3,838.6910112359551,2.0,23.0,495,103,495.0,103.0
노원구,상계동,조합해산,331,39960.6,106835.19,27362.7,9438.9,1247.0,0.0,20.4,254.99,98.0,28.0,3.0,658,152,658.0,152.0
노원구,상계동,사업시행인가,305,86432.5,135486.0,5694.55,882.56,181.37,0.0,12.55,195.46,88.0,25.0,3.0,1098,290,1098.0,290.0
노원구,상계동,조합설립인가,801,115964.1,151420.87,49506.0,24934.9,15745.9,3041.219705882353,24.82,261.0,838.6910112359551,33.0,3.0,1250,213,1250.0,213.0
노원구,상계동,준공인가,322,65684.9,163563.42,35315.0,20396.3,9023.3,0.0,20.65,304.99,88.0,29.0,3.0,965,198,965.0,198.0
은평구,응암동,조합청산,679,61052.6,173574.69,47233.6,8196.8,4144.8,3041.219705882353,15.35,255.86,80.0,25.0,3.0,1079,226,1079.0,226.0
은평구,녹번동,조합청산,702,74820.0,193700.39,58209.0,2880.0,6406.0,3041.219705882353,23.88,223.62,0.0,20.0,4.0,1075,155,1075.0,155.0
서대문구,영천동,착공신고,115,11154.2,55400.68,6744.9,3077.1,5579.312872340426,3041.219705882353,40.56,399.31,76.0,23.0,5.0,199,0,199.0,0.0
서대문구,북아현동,조합청산,474,60335.5,147946.26,38086.6,7906.0,7993.5,3182.9,27.34,244.62,62.0,20.0,5.0,777,163,777.0,163.0
서대문구,북아현동,조합해산,951,106645.8,327030.37,70482.5,19416.8,11208.6,896.3,26.73,283.42,106.0,34.0,5.0,1584,326,1584.0,326.0
서대문구,북아현동,사업시행인가,2536,263100.0,619750.57,180952.6,33481.6,36611.1,10.0,16.28,233.15,103.0,35.0,6.0,3015,618,3015.0,618.0
서대문구,북아현동,사업시행인가,1261,120055.8,301044.27,83709.4,12209.2,3919.1,5361.3,18.28,241.64,103.0,35.0,3.0,1422,292,1422.0,292.0
강북구,미아동,정비계획 수립,0,203808.54305936073,2697516.075544041,47372.16765550239,9473.020424528302,5579.312872340426,3041.219705882353,26.014252336448596,253.93227906976745,838.6910112359551,24.123711340206185,4.197860962566845,0,0,0.0,0.0
마포구,공덕동,정비구역지정,0,203808.54305936073,2697516.075544041,47372.16765550239,9473.020424528302,5579.312872340426,3041.219705882353,26.014252336448596,253.93227906976745,838.6910112359551,24.123711340206185,4.197860962566845,0,0,0.0,0.0
동대문구,청량리동,정비계획 수립,0,203808.54305936073,2697516.075544041,47372.16765550239,9473.020424528302,5579.312872340426,3041.219705882353,26.014252336448596,253.93227906976745,838.6910112359551,24.123711340206185,4.197860962566845,0,0,0.0,0.0
성동구,마장동,정비계획 수립,0,203808.54305936073,2697516.075544041,47372.16765550239,9473.020424528302,5579.312872340426,3041.219705882353,26.014252336448596,253.93227906976745,838.6910112359551,24.123711340206185,4.197860962566845,0,0,0.0,0.0
동대문구,용두동,조합설립추진위원회승인,89,15457.1,36948.0,47372.16765550239,9473.020424528302,5579.312872340426,3041.219705882353,50.0,549.0,60.0,18.0,5.0,693,0,693.0,0.0
성동구,금호동,조합해산,72,5127.2,15039.47,4029.4,872.2,225.6,3041.219705882353,24.67,233.74,838.6910112359551,16.0,3.0,108,0,108.0,0.0
용산구,청파동,정비계획 수립,0,203808.54305936073,2697516.075544041,47372.16765550239,9473.020424528302,5579.312872340426,3041.219705882353,26.014252336448596,253.93227906976745,838.6910112359551,24.123711340206185,4.197860962566845,0,0,0.0,0.0
강서구,방화동,조합설립인가,348,203808.54305936073,2697516.075544041,47372.16765550239,9473.020424528302,5579.312872340426,3041.219705882353,26.014252336448596,253.93227906976745,838.6910112359551,24.123711340206185,4.197860962566845,0,0,0.0,0.0
성동구,금호동,관리처분인가,365,27485.0,88619.35,22703.0,2077.0,2407.0,180.0,23.96,236.89,4692.0,16.0,8.0,475,120,475.0,120.0
성동구,하왕십리동,조합해산,913,136892.8,2697516.075544041,108489.3,9898.5,3000.0,3845.0,35.21,311.81,99.0,28.0,5.0,2101,359,2101.0,359.0
성동구,하왕십리동,조합해산,377,32989.59,98398.05,26534.5,3636.89,1519.2,653.0,17.5,227.22,6000.0,20.0,3.0,587,126,587.0,126.0
동작구,흑석동,조합설립인가,381,26675.0,82260.2,18165.0,6122.0,2388.0,3041.219705882353,39.1,294.17,838.6910112359551,30.0,2.0,392,82,392.0,82.0
관악구,봉천동,조합설립추진위원회승인,197,12272.5,40138.16,47372.16765550239,9473.020424528302,5579.312872340426,3041.219705882353,46.04,283.1,67.0,2.0,2.0,192,0,192.0,0.0
관악구,봉천동,착공신고,715,55512.8,132512.3,33512.6,7547.3,10042.9,3041.219705882353,23.15,288.08,83.0,28.0,3.0,833,164,833.0,164.0
관악구,신림동,일반분양승인,274,35136.4,79157.74,22463.3,4078.5,7295.3,3041.219705882353,23.25,233.7,838.6910112359551,17.0,4.0,473,98,473.0,98.0
성동구,금호동,조합설립인가,860,75447.0,17913.9,51487.2,15875.8,6737.0,1347.0,28.42,255.06,59.0,20.0,4.0,1219,220,1219.0,220.0
노원구,상계동,사업시행인가,1442,100819.4,330946838.67,74231.8,18027.0,1219.2,5719.5,28.18,246.37,72.0,25.0,8.0,1685,515,1685.0,515.0
양천구,신월동,조합설립인가,0,98295.17,286767.0,73539.55,7814.22,12706.35,3041.219705882353,26.014252336448596,249.71,66.0,12.0,2.0,1684,544,1684.0,544.0
송파구,거여동,조합해산,1123,99175.1,284297.12,70394.8,12146.9,6230.9,3041.219705882353,18.84,274.9,838.6910112359551,33.0,4.197860962566845,1577,368,1577.0,368.0
강북구,미아동,조합설립인가,1582,179566.0,392076.19,152479.0,14806.0,10137.0,3041.219705882353,15.95,229.59,99.0,24.123711340206185,4.197860962566845,2366,504,2366.0,504.0
양천구,신정동,조합해산,559,87327.2,243473.09,61206.0,14058.8,788.7,2245.2,22.37,257.55,70.0,27.0,3.0,1285,0,1285.0,0.0
서대문구,홍은동,착공신고,385,36220.0,110158.0,36220.0,6988.0,2394.0,0.0,29.0,196.0,45.0,15.0,3.0,827,131,827.0,131.0
은평구,녹번동,조합해산,805,66094.0,192164.0,54310.0,5953.0,5831.0,3041.219705882353,25.92,238.15,59.0,20.0,3.0,1047,258,1047.0,258.0
성동구,성수동,조합설립인가,753,89828.0,217309.08,56270.0,18678.0,10584.0,3496.0,20.96,314.98,150.0,50.0,4.197860962566845,1310,269,1310.0,269.0
은평구,수색동,일반분양승인,792,69727.0,211065.62,55397.0,6534.0,2256.0,2594.0,21.88,231.86,65.0,20.0,4.0,1402,278,1402.0,278.0
양천구,신정동,이전고시,195,19599.5,60683.22,16249.4,6.3,2690.8,3041.219705882353,21.31,234.41,838.6910112359551,19.0,3.0,336,71,336.0,71.0
은평구,대조동,착공신고,1573,111665.3,363149.67,92088.1,12220.3,7356.9,3041.219705882353,24.83,243.48,75.0,25.0,4.0,2083,368,2083.0,368.0
동작구,노량진동,사업시행인가,586,73300.0,108105.29,44300.0,3242.0,13697.0,3041.219705882353,24.34,244.03,838.6910112359551,24.123711340206185,4.197860962566845,838,174,838.0,174.0
양천구,신정동,조합해산,464,54683.5,170225.73,44012.3,6589.4,3997.9,83.9,22.99,252.36,68.0,22.0,2.0,896,185,896.0,185.0
성동구,성수동,조합설립인가,1092,131980.0,273966.9,68176.0,22207.0,30200.0,3041.219705882353,17.63,317.01,150.0,50.0,4.197860962566845,1582,325,1582.0,325.0
동작구,흑석동,조합해산,502,74378.0,159213.07,5464.8,10199.4,4493.2,2269.6,30.09,205.19,7995.0,28.0,3.0,911,168,911.0,168.0
은평구,응암동,조합청산,141,36242.8,36242.8,29162.6,3785.1,3295.1,3041.219705882353,30.0,214.71,68.0,24.0,4.0,646,114,646.0,114.0
은평구,불광동,관리처분인가,1486,117939.0,386176.26,99420.0,6833.0,8881.0,3041.219705882353,19.6,235.01,68.0,24.0,3.0,2013,374,2013.0,374.0
은평구,증산동,관리처분인가,975,112573.0,265583.95,71157.0,16244.0,1996.0,9988.0,24.96,263.7,92.0,30.0,3.0,1412,292,1412.0,292.0
성북구,성북동,사업시행인가,361,75072.8,37918.07,62469.9,7847.7,4458.9,3041.219705882353,35.9,89.13,14.0,4.0,3.0,195,0,195.0,0.0
마포구,염리동,정비계획 수립,647,203808.54305936073,2697516.075544041,47372.16765550239,9473.020424528302,5579.312872340426,3041.219705882353,26.014252336448596,253.93227906976745,838.6910112359551,24.123711340206185,4.197860962566845,0,0,0.0,0.0
용산구,청파동,조합설립인가,460,32390.4,112533.03,26549.6,3060.3,5579.312872340426,3041.219705882353,25.72,249.86,80.0,25.0,3.0,581,116,581.0,116.0
은평구,수색동,관리처분인가,329,29884000.0,833.35,29884.0,9512.0,5579.312872340426,3041.219705882353,24.0,263.89,64.0,24.123711340206185,4.197860962566845,479,99,479.0,99.0
영등포구,도림동,조합청산,420,53378.0,1370052.81,53378.0,2937.0,1857.0,1963.0,15.28,247.41,31.0,30.0,3.0,689,147,689.0,147.0
은평구,불광동,조합청산,1018,77298.0,201877.98,58598.0,3367.0,7936.0,3041.219705882353,23.3,214.42,46.0,15.0,3.0,1185,147,1185.0,147.0
성동구,성수동,조합설립인가,960,114193.0,2697516.075544041,65005.0,28171.0,16768.0,3041.219705882353,18.35,316.78,150.0,24.123711340206185,4.197860962566845,1537,315,1537.0,315.0
동작구,노량진동,관리처분인가,417,40512.5,137273.18,31540.8,5554.7,1508.0,3041.219705882353,22.82,247.48,90.0,30.0,5.0,699,145,699.0,145.0
성동구,행당동,일반분양승인,536,48345.3,121304.0,33316.2,4131.0,10374.0,3041.219705882353,20.87,249.64,838.6910112359551,35.0,3.0,805,141,805.0,141.0
은평구,갈현동,관리처분인가,2649,238850.9,652769.93,175794.9,30137.0,4478.0,11586.0,32.59,230.43,62.0,22.0,6.0,3484,640,3484.0,640.0
마포구,아현동,준공인가,863,64357.7,2697516.075544041,53686.7,6568.4,3247.0,3041.219705882353,22.53,227.81,838.6910112359551,24.123711340206185,4.197860962566845,949,201,949.0,201.0
양천구,신월동,사업시행인가,138,11363.8,29411.9,25678.62,2906.6,821.4,3041.219705882353,20.9,253.88,56.0,20.0,2.0,175,36,175.0,36.0
마포구,염리동,조합해산,509,51748.3,148603.41,37197.2,7821.3,2824.8,3041.219705882353,21.21,244.1,71.0,25.0,4.0,767,160,767.0,160.0
은평구,녹번동,조합청산,519,39128.0,1286033.11,33834.0,1813.21,3127.79,3041.219705882353,23.34,244.99,59.0,20.0,3.0,770,182,770.0,182.0
성동구,성수동,조합설립인가,1332,194398.0,422268.26,105595.0,39800.0,33612.0,3041.219705882353,21.47,309.22,50.0,24.123711340206185,4.197860962566845,2414,495,2414.0,495.0
동대문구,답십리동,조합설립인가,553,17882.0,179241.6,14094.0,2093.0,1695.0,3041.219705882353,59.26,799.87,1021.0,29.0,9.0,493,125,493.0,125.0
영등포구,신길동,조합설립인가,888,116898.0,471.47,92.63,15357.0,9156.0,3041.219705882353,16.6,299.88,110.0,35.0,4.0,2105,681,2105.0,681.0
은평구,응암동,조합청산,1699,120765.2,362515.83,99598.6,13305.6,7247.0,537.0,22.06,239.37,72.0,23.0,3.0,2179,390,2179.0,390.0
동작구,대방동,관리처분인가,376,33613.0,2697516.075544041,22478.0,2533.5,6887.6,3041.219705882353,20.96,228.97,838.6910112359551,24.123711340206185,4.197860962566845,420,90,420.0,90.0
은평구,증산동,조합해산,827,78755.2,206742.9,55607.2,18652.0,4595.0,0.0,21.3,251.0,92.0,30.0,3.0,1149,237,1149.0,237.0
서대문구,홍은동,조합해산,269,229.34,73994.22,18560.0,2983.0,1391.0,3041.219705882353,29.7,246.97,61.0,21.0,3.0,497,75,497.0,75.0
서대문구,연희동,철거신고,521,55173.0,146775.0,37722.0,9850.0,3258.0,1036.0,21.92,246.72,5755.0,20.0,3.0,1002,206,1002.0,206.0
중구,신당동,조합설립인가,153,18651.0,54028.85,17672.0,375.0,5579.312872340426,3041.219705882353,34.47,161.53,28.0,7.0,6.0,315,0,315.0,0.0
성북구,돈암동,조합설립인가,527,47050.0,127865.64,35244.0,9453.0,2353.0,3041.219705882353,23.57,265.18,73.0,25.0,2.0,737,152,737.0,152.0
용산구,보광동,조합설립인가,1207,160258.0,535877.18,115341.0,29763.0,8128.0,0.0,30.89,226.98,73.0,22.0,7.0,1981,350,1981.0,350.0
동대문구,제기동,관리처분인가,198,24320.6,56302.97,17497.0,4006.1,2457.7,3041.219705882353,24.97,239.81,49.0,19.0,2.0,312,65,312.0,65.0
동대문구,이문동,관리처분인가,1470,148977.2,505257.98,44544.0,20861.6,11311.8,0.0,35.0,317.0,122.0,40.0,5.0,2700,928,2700.0,928.0
동대문구,답십리동,조합해산,1259,145976.0,396817.96,116693.8,15615.5,10476.0,1170.0,23.15,242.35,75.0,22.0,3.0,2656,452,2656.0,452.0
동작구,노량진동,사업시행인가,1081,132132.0,471972.52,106125.0,10237.0,9000.0,3041.219705882353,25.88,265.67,110.0,33.0,4.0,2461,531,2461.0,531.0
성북구,성북동,조합설립인가,1192,127899.0,338500.8,106566.0,7516.0,4875.0,4659.0,27.0,221.04,838.6910112359551,13.0,2.0,2044,348,2044.0,348.0
관악구,봉천동,조합청산,765,80836.0,221254.84,60689.0,19413.8,76.0,477.2,24.68,244.85,57.0,20.0,3.0,1237,247,1237.0,247.0
성북구,길음동,조합해산,1611,104979.3,331861.08,71423.0,17360.4,7769.5,5473.4,22.12,299.7,115.0,39.0,4.0,1660,339,1660.0,339.0
동대문구,답십리동,착공신고,155,13850.9,44577.97,12307.6,869.3,674.0,3041.219705882353,27.18,243.11,62.0,21.0,2.0,268,58,268.0,58.0
서대문구,연희동,조합설립추진위원회승인,0,49745.0,104476.84,44263.4,1054.2,4427.4,3041.219705882353,21.19,238.34,75.0,27.0,2.0,844,223,844.0,223.0
동작구,흑석동,착공신고,1042,103497.4,168683.95,77410.3,16179.4,9549.4,3041.219705882353,23.67,244.77,572.0,20.0,5.0,1130,338,1130.0,338.0
관악구,봉천동,조합설립인가,668,74264.5,148486.0,58782.2,9079.7,5134.1,3041.219705882353,23.46,270.83,884.0,27.0,4.0,1311,260,1311.0,260.0
용산구,서계동,정비계획 수립,0,203808.54305936073,2697516.075544041,47372.16765550239,9473.020424528302,5579.312872340426,3041.219705882353,26.014252336448596,253.93227906976745,838.6910112359551,24.123711340206185,4.197860962566845,0,0,0.0,0.0
강북구,번동,정비계획 수립,521,203808.54305936073,2697516.075544041,47372.16765550239,9473.020424528302,5579.312872340426,3041.219705882353,26.014252336448596,253.93227906976745,838.6910112359551,24.123711340206185,4.197860962566845,0,0,0.0,0.0
강동구,천호동,정비계획 수립,0,203808.54305936073,2697516.075544041,47372.16765550239,9473.020424528302,5579.312872340426,3041.219705882353,26.014252336448596,253.93227906976745,838.6910112359551,24.123711340206185,4.197860962566845,0,0,0.0,0.0
관악구,봉천동,사업시행인가,493,79832.0,160576.78,35303.1,948.8,5579.312872340426,3999.8,27.36,259.53,83.0,28.0,3.0,694,161,694.0,161.0
마포구,도화동,조합설립인가,162,3280.5,44403.7,3280.5,76.5,5579.312872340426,3041.219705882353,51.36,869.84,23.0,23.0,7.0,100,0,100.0,0.0
성동구,용답동,일반분양승인,627,73341.0,231651.08,53959.0,9173.0,17796.0,3041.219705882353,11.6,249.86,838.6910112359551,35.0,2.0,1033,218,1033.0,218.0
동작구,대방동,관리처분인가,437,55742.9,154331.84,42080.9,11424.0,0.0,0.0,20.08,229.44,300.0,29.0,3.0,1007,172,1007.0,172.0
은평구,응암동,조합청산,450,43938.0,133165.9,35246.0,3621.0,3292.0,3041.219705882353,19.2,227.49,68.0,23.0,5.0,745,127,745.0,127.0
영등포구,신길동,조합청산,302,50759.3,134054.78,39762.6,6158.0,1929.8,608.6,17.69,228.9,77.0,25.0,3.0,836,151,836.0,151.0
은평구,수색동,조합해산,593,61898.0,178408.54,45496.0,7294.0,3580.0,3041.219705882353,23.98,256.29,7135.0,25.0,3.0,989,203,989.0,203.0
영등포구,신길동,조합청산,758,93728.5,259940.09,8220.36,6664.4,1223.4,3604.1,17.18,239.58,7790.0,27.0,3.0,1391,130,1391.0,130.0
영등포구,신길동,조합해산,239,27844.0,84690.31,22841.8,2049.6,1732.9,1062.5,21.22,255.66,7977.0,28.0,2.0,501,111,501.0,111.0
관악구,신림동,철거신고,714,95797.5,138338.55,58241.2,5434.8,22977.5,1105.7,25.16,248.71,7955.0,28.0,7.0,1252,183,1252.0,183.0
관악구,봉천동,조합해산,416,28259.0,2697516.075544041,23387.8,2012.8,2858.4,0.0,23.62,220.9,52.0,24.123711340206185,4.197860962566845,430,89,430.0,89.0
성북구,종암동,정비계획 수립,0,203808.54305936073,2697516.075544041,47372.16765550239,9473.020424528302,5579.312872340426,3041.219705882353,26.014252336448596,253.93227906976745,838.6910112359551,24.123711340206185,4.197860962566845,0,0,0.0,0.0
동대문구,휘경동,조합해산,111,12915.0,41228.86,11051.0,1217.0,647.0,3041.219705882353,25.67,261.52,57.0,20.0,2.0,248,51,248.0,51.0
용산구,효창동,조합청산,106,10030.0,2697516.075544041,8796.6,692.5,479.1,61.8,22.87,234.84,55.0,18.0,2.0,187,0,187.0,0.0
구로구,고척동,관리처분인가,270,41675.0,130987.56,33683.0,3697.0,4295.0,3041.219705882353,20.87,269.89,80.0,25.0,3.0,786,161,786.0,161.0
용산구,효창동,조합해산,263,18256.56,54761.36,15451.56,1026.0,917.0,3041.219705882353,31.14,214.01,42.0,14.0,3.0,327,58,327.0,58.0
성북구,안암동,착공신고,133,11189.2,35024.9,9985.9,488.3,715.0,3041.219705882353,25.18,192.4,34.0,24.123711340206185,4.197860962566845,181,0,181.0,0.0
성북구,장위동,관리처분인가,650,94245.0,286514.82,733.69,7766.0,5579.312872340426,10227.0,19.04,264.22,94.0,23.0,3.0,1506,320,1506.0,320.0
성동구,금호동,조합청산,932,66379.5,2100384.69,66379.5,2959.2,3990.0,3041.219705882353,21.41,255.52,5985.0,12.0,4.0,1193,137,1193.0,137.0
성북구,장위동,조합해산,615,89853.4,234491.21,57160.7,24377.8,1888.51,7017.7,19.15,275.35,99.0,32.0,2.0,1286,276,1286.0,276.0
동작구,흑석동,조합해산,209,33310.0,2697516.075544041,27290.0,4337.0,1683.0,3041.219705882353,21.0,218.0,838.6910112359551,25.0,2.0,434,74,434.0,74.0
강북구,미아동,관리처분인가,482,57553.4,157885.93,42772.0,11433.4,3156.0,3041.219705882353,25.1,229.06,9.0,29.0,3.0,858,179,858.0,179.0
성북구,정릉동,조합설립인가,290,36333.9,118000.19,26782.1,5970.1,2046.7,900.0,16.54,279.78,838.6910112359551,30.0,6.0,660,158,660.0,158.0
성북구,장위동,조합설립인가,1593,189450.0,401598.28,63237.0,21509.0,27802.0,4324.0,60.0,236.0,100.0,33.0,4.197860962566845,2464,420,2464.0,420.0
강북구,미아동,착공신고,690,59465.0,149658.84,4760.74,6604.1,3000.7,0.0,60.0,227.7,73.0,21.0,3.0,843,174,843.0,174.0
영등포구,신길동,조합해산,431,52716.0,144744.29,40878.7,5754.5,2906.8,3113.1,22.01,263.12,82.0,29.0,3.0,824,184,824.0,184.0
동대문구,이문동,일반분양승인,1571,137372.0,669722.26,120457.0,19649.0,12967.0,0.0,26.21,357.18,143.0,41.0,6.0,4140,1308,4140.0,1308.0
송파구,마천동,조합설립인가,1601,133830.0,411564.83,89222.0,20216.0,12725.0,0.0,22.85,270.05,838.6910112359551,25.0,5.0,1984,400,1984.0,400.0
양천구,신월동,준공인가,1761,174801.0,408078.23,111940.6,24547.6,12573.2,3041.219705882353,22.06,236.35,65.0,24.123711340206185,4.197860962566845,2417,415,2417.0,415.0
성동구,금호동,조합해산,365,35827.6,108107.99,31296.7,1988.8,1805.6,3041.219705882353,24.81,2.0,50.0,3.0,15.0,606,104,606.0,104.0
용산구,효창동,조합청산,217,22911.5,70299.75,18216.5,2172.1,2522.9,3041.219705882353,20.84,245.28,66.0,22.0,4.0,396,82,396.0,82.0
영등포구,신길동,조합청산,319,32287.3,95907.63,25632.0,1707.0,3478.0,1469.9,18.76,254.45,769.0,27.0,3.0,522,119,522.0,119.0
동대문구,제기동,관리처분인가,380,33485.7,117027.93,3348.57,356.97,5579.312872340426,3041.219705882353,29.88,249.96,838.6910112359551,25.0,2.0,753,156,753.0,156.0
성북구,길음동,일반분양승인,180,13449.0,75303.87,13449.0,1850.0,1280.0,3041.219705882353,52.61,399.59,110.0,35.0,5.0,276,63,276.0,63.0
은평구,응암동,정비계획 수립,0,933.62,2697516.075544041,47372.16765550239,9473.020424528302,5579.312872340426,3041.219705882353,26.014252336448596,253.93227906976745,838.6910112359551,24.123711340206185,4.197860962566845,0,0,0.0,0.0
성북구,장위동,조합해산,690,86921.7,257213.34,64307.0,12998.7,5000.0,3280.0,20.31,266.99,83.0,29.0,2.0,1433,295,1433.0,295.0
성북구,석관동,조합해산,441,51492.0,2697516.075544041,42616.0,3406.0,1543.0,3927.0,20.46,232.64,57.0,20.0,2.0,904,187,904.0,187.0
성북구,정릉동,조합설립추진위원회승인,419,203808.54305936073,2697516.075544041,47372.16765550239,9473.020424528302,5579.312872340426,3041.219705882353,26.014252336448596,253.93227906976745,838.6910112359551,24.123711340206185,4.197860962566845,0,0,0.0,0.0
서대문구,북아현동,조합청산,738,77234.2,183870.47,53118.0,11232.3,1228.29,12085.7,24.56,234.51,0.0,20.0,4.0,992,234,992.0,234.0
영등포구,신길동,조합청산,283,38502.9,119571.99,30779.9,247.7,4029.6,3445.7,20.64,251.11,92.0,32.0,3.0,644,147,644.0,147.0
용산구,보광동,사업시행인가,929,114580.6,161889.03,83758.9,19008.8,3192.6,2801.0,32.14,195.42,45.0,14.0,6.0,1299,238,1299.0,238.0
성북구,정릉동,관리처분인가,636,203965.0,252884.0,162151.0,19285.0,1810.0,13056.0,41.12,109.13,20.0,4.0,2.0,1417,0,1417.0,0.0
성북구,장위동,착공신고,1172,153501.0,428982.0,105997.0,29254.0,5021.0,5500.0,23.15,263.36,838.6910112359551,32.0,3.0,2356,484,2356.0,484.0
서대문구,홍은동,조합해산,331,26421.7,33016.82,23039.8,1997.1,1384.8,3041.219705882353,19.74,247.77,56.0,24.123711340206185,4.197860962566845,458,94,458.0,94.0
서대문구,남가좌동,조합해산,450,48054.4,167132.28,38090.5,4140.2,5854.7,3512.8,21.02,252.51,75.0,24.0,3.0,763,159,763.0,159.0
서대문구,남가좌동,조합해산,2241,284637.5,712874.65,211168.6,38718.5,17388.9,2846.1,19.64,232.62,96.0,33.0,3.0,3550,750,3550.0,750.0
성북구,장위동,착공신고,786,105163.9,250368.9,61422.6,16629.3,22782.0,2565.3,19.28,264.48,93.0,33.0,3.0,1352,285,1352.0,285.0
성북구,동소문동,조합설립인가,239,20657.3,80797.63,15319.8,4247.3,860.0,3041.219705882353,37.0,337.0,100.0,29.0,3.0,421,73,421.0,73.0
영등포구,신길동,조합청산,561,73698.6,2697516.075544041,53782.4,4095.6,14027.5,1912.4,15.03,234.87,85.0,29.0,2.0,915,210,915.0,210.0
마포구,공덕동,조합설립인가,60,11301.4,26569.94,10830.4,471.0,5579.312872340426,3041.219705882353,24.88,234.17,838.6910112359551,20.0,3.0,155,11,155.0,11.0
동대문구,답십리동,조합해산,446,55394.0,144855.95,38971.0,7438.0,1722.0,1698.0,22.88,253.48,60.0,21.0,3.0,986,168,986.0,168.0
동대문구,용두동,조합해산,310,37699.8,2697516.075544041,30293.4,3343.4,4063.0,3041.219705882353,21.48,270.89,838.6910112359551,27.0,3.0,827,0,827.0,0.0
서대문구,북가좌동,조합설립인가,704,79696.0,237137.06,57799.0,6767.0,5549.0,1043.0,20.52,254.91,736.0,29.0,3.0,1350,224,1350.0,224.0
강북구,미아동,조합설립추진위원회승인,94,203808.54305936073,2697516.075544041,47372.16765550239,9473.020424528302,5579.312872340426,3041.219705882353,26.014252336448596,253.93227906976745,838.6910112359551,24.123711340206185,4.197860962566845,0,0,0.0,0.0
은평구,수색동,조합해산,442,36458.6,126330.1,36458.6,5774.0,969.0,3041.219705882353,18.44,273.92,92.0,30.0,4.0,642,135,642.0,135.0
도봉구,도봉동,착공신고,120,13436.3,50282.19,12081.5,667.4,687.4,3041.219705882353,35.06,262.6,54.0,18.0,2.0,239,60,239.0,60.0
노원구,월계동,조합청산,103,23525.6,4777589.18,19136.0,1883.2,1408.8,54.4,35.4,177.74,26.0,9.0,2.0,270,56,270.0,56.0
은평구,수색동,일반분양승인,539,66062.0,179097.07,43809.0,15311.0,1502.0,2579.0,22.59,267.79,84.0,30.0,3.0,1015,208,1015.0,208.0
동작구,노량진동,관리처분인가,409,38017.0,118672.22,29584.5,6968.5,1464.0,3041.219705882353,18.57,270.63,90.0,28.0,5.0,515,108,515.0,108.0
동작구,노량진동,관리처분인가,812,73892.0,197896.86,49352.0,7719.0,7536.0,3041.219705882353,17.37,255.63,8675.0,28.0,4.0,1040,243,1040.0,243.0
동작구,노량진동,철거신고,146,16072.3,48224.0,12089.0,4120.0,5579.312872340426,3041.219705882353,42.81,403.47,107.0,29.0,4.0,315,106,315.0,106.0
은평구,수색동,일반분양승인,234,31793.6,100411.08,25362.0,5357.6,270.0,758.0,22.31,249.0,63.0,22.0,3.0,537,112,537.0,112.0
동대문구,전농동,조합설립인가,717,49061.0,170220.15,36229.0,7732.0,3600.0,3041.219705882353,18.18,299.68,175.0,35.0,3.0,920,239,920.0,239.0
관악구,신림동,정비계획 수립,0,203808.54305936073,2697516.075544041,47372.16765550239,9473.020424528302,5579.312872340426,3041.219705882353,26.014252336448596,253.93227906976745,838.6910112359551,24.123711340206185,4.197860962566845,0,0,0.0,0.0
금천구,시흥동,정비구역지정,0,203808.54305936073,2697516.075544041,47372.16765550239,9473.020424528302,5579.312872340426,3041.219705882353,26.014252336448596,253.93227906976745,838.6910112359551,24.123711340206185,4.197860962566845,0,0,0.0,0.0
성동구,사근동,정비계획 수립,0,203808.54305936073,2697516.075544041,47372.16765550239,9473.020424528302,5579.312872340426,3041.219705882353,26.014252336448596,253.93227906976745,838.6910112359551,24.123711340206185,4.197860962566845,0,0,0.0,0.0
송파구,마천동,관리처분인가,706,60080.8,216698.43,60080.8,9740.8,5579.312872340426,1501.2,21.23,298.6,101.0,33.0,3.0,1065,307,1065.0,307.0
동작구,흑석동,관리처분인가,695,86529.1,187249.79,56982.2,8815.4,12950.1,6331.4,34.61,227.28,69.0,12.0,3.0,1032,198,1032.0,198.0
구로구,가리봉동,정비계획 수립,0,203808.54305936073,2697516.075544041,47372.16765550239,9473.020424528302,5579.312872340426,3041.219705882353,26.014252336448596,253.93227906976745,838.6910112359551,24.123711340206185,4.197860962566845,0,0,0.0,0.0
양천구,목동,정비계획 수립,0,203808.54305936073,2697516.075544041,47372.16765550239,9473.020424528302,5579.312872340426,3041.219705882353,26.014252336448596,253.93227906976745,838.6910112359551,24.123711340206185,4.197860962566845,0,0,0.0,0.0
영등포구,신길동,조합설립인가,354,25489.5,141731.96,21051.5,2418.8,1263.7,3041.219705882353,51.97,454.72,115.0,24.123711340206185,4.197860962566845,571,428,571.0,428.0
종로구,교남동,정비구역지정,0,6801.4,56534.42,5103.4,457.3,834.0,0.0,58.84,709.73,70.0,21.0,5.0,379,0,379.0,0.0
은평구,불광동,정비계획 수립,0,203808.54305936073,2697516.075544041,47372.16765550239,9473.020424528302,5579.312872340426,3041.219705882353,26.014252336448596,253.93227906976745,838.6910112359551,24.123711340206185,4.197860962566845,0,0,0.0,0.0
은평구,응암동,정비계획 수립,0,203808.54305936073,2697516.075544041,47372.16765550239,9473.020424528302,5579.312872340426,3041.219705882353,26.014252336448596,253.93227906976745,838.6910112359551,24.123711340206185,4.197860962566845,0,0,0.0,0.0
은평구,응암동,정비계획 수립,0,203808.54305936073,2697516.075544041,47372.16765550239,9473.020424528302,5579.312872340426,3041.219705882353,26.014252336448596,253.93227906976745,838.6910112359551,24.123711340206185,4.197860962566845,0,0,0.0,0.0
중랑구,면목동,조합설립인가,646,58400.9,238433.17,50710.4,1960.5,4400.0,0.0,24.15,299.87,838.6910112359551,35.0,3.0,1068,379,1068.0,379.0
동대문구,휘경동,조합설립추진위원회승인,0,49397.0,107428.48,49397.0,1635.0,1200.0,0.0,29.64,152.62,838.6910112359551,7.0,2.0,589,45,589.0,45.0
송파구,마천동,조합설립인가,1726,148498.0,2964338.23,109590.5,24924.5,8952.0,3041.219705882353,25.61,217.59,100.0,25.0,3.0,2018,395,2018.0,395.0
동작구,상도동,정비계획 수립,0,203808.54305936073,2697516.075544041,47372.16765550239,9473.020424528302,5579.312872340426,3041.219705882353,26.014252336448596,253.93227906976745,838.6910112359551,24.123711340206185,4.197860962566845,0,0,0.0,0.0
중구,신당동,조합해산,515,484.94,1426.58,4101.46,479.18,256.87,3041.219705882353,25.0,2.25,838.6910112359551,15.0,6.0,784,161,784.0,161.0
강동구,천호동,조합설립인가,216,1929.23,66889.83,1925.6,3.63,5579.312872340426,3041.219705882353,24.72,215.39,72.0,23.0,3.0,324,58,324.0,58.0
서대문구,홍은동,정비계획 수립,0,203808.54305936073,2697516.075544041,47372.16765550239,9473.020424528302,5579.312872340426,3041.219705882353,26.014252336448596,253.93227906976745,838.6910112359551,24.123711340206185,4.197860962566845,0,0,0.0,0.0
중구,중림동,조합설립인가,0,28315.5,125468.85,23650.5,4665.0,5579.312872340426,3041.219705882353,25.85,299.73,75.0,25.0,5.0,600,191,600.0,191.0
금천구,시흥동,조합설립추진위원회승인,880,203808.54305936073,2697516.075544041,47372.16765550239,9473.020424528302,5579.312872340426,3041.219705882353,26.014252336448596,253.93227906976745,838.6910112359551,24.123711340206185,4.197860962566845,0,0,0.0,0.0
영등포구,대림동,정비계획 수립,0,203808.54305936073,2697516.075544041,47372.16765550239,9473.020424528302,5579.312872340426,3041.219705882353,26.014252336448596,253.93227906976745,838.6910112359551,24.123711340206185,4.197860962566845,0,0,0.0,0.0
영등포구,도림동,정비계획 수립,0,203808.54305936073,2697516.075544041,47372.16765550239,9473.020424528302,5579.312872340426,3041.219705882353,26.014252336448596,253.93227906976745,838.6910112359551,24.123711340206185,4.197860962566845,0,0,0.0,0.0
강북구,수유동,정비계획 수립,0,203808.54305936073,2697516.075544041,47372.16765550239,9473.020424528302,5579.312872340426,3041.219705882353,26.014252336448596,253.93227906976745,838.6910112359551,24.123711340206185,4.197860962566845,0,0,0.0,0.0
강동구,천호동,정비구역지정,248,30699.64,122951.92,26598.79,4100.85,5579.312872340426,3041.219705882353,36.21,299.99,125.0,40.0,2.0,645,136,645.0,136.0
양천구,신정동,정비계획 수립,0,203808.54305936073,2697516.075544041,47372.16765550239,9473.020424528302,5579.312872340426,3041.219705882353,26.014252336448596,253.93227906976745,838.6910112359551,24.123711340206185,4.197860962566845,0,0,0.0,0.0
광진구,자양동,정비계획 수립,0,203808.54305936073,2697516.075544041,47372.16765550239,9473.020424528302,5579.312872340426,3041.219705882353,26.014252336448596,253.93227906976745,838.6910112359551,24.123711340206185,4.197860962566845,0,0,0.0,0.0
동대문구,휘경동,조합설립추진위원회승인,0,203808.54305936073,2697516.075544041,47372.16765550239,9473.020424528302,5579.312872340426,3041.219705882353,26.014252336448596,253.93227906976745,838.6910112359551,24.123711340206185,4.197860962566845,0,0,0.0,0.0
중랑구,중화동,조합설립인가,833,71465.9,2508917.68,55322.0,10309.9,4830.0,3041.219705882353,22.07,290.11,105.0,35.0,2.0,1196,414,1196.0,414.0
성북구,석관동,정비계획 수립,0,203808.54305936073,2697516.075544041,47372.16765550239,9473.020424528302,5579.312872340426,3041.219705882353,26.014252336448596,253.93227906976745,838.6910112359551,24.123711340206185,4.197860962566845,0,0,0.0,0.0
성북구,종암동,정비계획 수립,0,203808.54305936073,2697516.075544041,47372.16765550239,9473.020424528302,5579.312872340426,3041.219705882353,26.014252336448596,253.93227906976745,838.6910112359551,24.123711340206185,4.197860962566845,0,0,0.0,0.0
구로구,오류동,정비계획 수립,0,203808.54305936073,2697516.075544041,47372.16765550239,9473.020424528302,5579.312872340426,3041.219705882353,26.014252336448596,253.93227906976745,838.6910112359551,24.123711340206185,4.197860962566845,0,0,0.0,0.0
성북구,장위동,조합설립인가,0,121634.0,431333.8,96859.0,13787.0,9148.0,3041.219705882353,26.24,299.83,120.0,38.0,3.0,2062,784,2062.0,784.0
송파구,거여동,조합설립인가,0,71922.4,157508.74,57562.2,5143.7,5500.8,3041.219705882353,33.36,282.0,132.0,35.0,2.0,1186,468,1186.0,468.0
금천구,가산동,준공인가,0,150000.0,2697516.075544041,47372.16765550239,9473.020424528302,5579.312872340426,3041.219705882353,26.014252336448596,253.93227906976745,838.6910112359551,24.123711340206185,4.197860962566845,0,0,0.0,0.0
은평구,불광동,정비구역지정,0,203808.54305936073,2697516.075544041,47372.16765550239,9473.020424528302,5579.312872340426,3041.219705882353,26.014252336448596,253.93227906976745,838.6910112359551,24.123711340206185,4.197860962566845,0,0,0.0,0.0
금천구,가산동,정비구역지정,0,203808.54305936073,2697516.075544041,47372.16765550239,9473.020424528302,5579.312872340426,3041.219705882353,26.014252336448596,253.93227906976745,838.6910112359551,24.123711340206185,4.197860962566845,0,0,0.0,0.0
구로구,개봉동,정비계획 수립,0,203808.54305936073,2697516.075544041,47372.16765550239,9473.020424528302,5579.312872340426,3041.219705882353,26.014252336448596,253.93227906976745,838.6910112359551,24.123711340206185,4.197860962566845,0,0,0.0,0.0
중랑구,면목동,정비계획 수립,0,203808.54305936073,2697516.075544041,47372.16765550239,9473.020424528302,5579.312872340426,3041.219705882353,26.014252336448596,253.93227906976745,838.6910112359551,24.123711340206185,4.197860962566845,0,0,0.0,0.0
송파구,마천동,정비계획 수립,0,203808.54305936073,2697516.075544041,47372.16765550239,9473.020424528302,5579.312872340426,3041.219705882353,26.014252336448596,253.93227906976745,838.6910112359551,24.123711340206185,4.197860962566845,0,0,0.0,0.0
구로구,고척동,정비계획 수립,0,203808.54305936073,2697516.075544041,47372.16765550239,9473.020424528302,5579.312872340426,3041.219705882353,26.014252336448596,253.93227906976745,838.6910112359551,24.123711340206185,4.197860962566845,0,0,0.0,0.0
종로구,창신동,정비구역지정,335,203808.54305936073,2697516.075544041,47372.16765550239,9473.020424528302,5579.312872340426,3041.219705882353,26.014252336448596,253.93227906976745,838.6910112359551,24.123711340206185,4.197860962566845,0,0,0.0,0.0
은평구,신사동,정비계획 수립,0,203808.54305936073,2697516.075544041,47372.16765550239,9473.020424528302,5579.312872340426,3041.219705882353,26.014252336448596,253.93227906976745,838.6910112359551,24.123711340206185,4.197860962566845,0,0,0.0,0.0
성북구,장위동,조합설립인가,0,84248.0,2697516.075544041,72355.7,3102.3,6690.0,3041.219705882353,21.38,299.99,150.0,3.0,38.0,1467,763,1467.0,763.0
영등포구,당산동,정비계획 수립,0,203808.54305936073,2697516.075544041,47372.16765550239,9473.020424528302,5579.312872340426,3041.219705882353,26.014252336448596,253.93227906976745,838.6910112359551,24.123711340206185,4.197860962566845,0,0,0.0,0.0
강북구,번동,정비계획 수립,0,203808.54305936073,2697516.075544041,47372.16765550239,9473.020424528302,5579.312872340426,3041.219705882353,26.014252336448596,253.93227906976745,838.6910112359551,24.123711340206185,4.197860962566845,0,0,0.0,0.0
강동구,천호동,조합설립인가,0,24620.0,55101.31,24000.0,20.0,5579.312872340426,3041.219705882353,26.02,229.59,838.6910112359551,2.0,24.0,431,77,431.0,77.0
중랑구,망우동,정비계획 수립,0,203808.54305936073,2697516.075544041,47372.16765550239,9473.020424528302,5579.312872340426,3041.219705882353,26.014252336448596,253.93227906976745,838.6910112359551,24.123711340206185,4.197860962566845,0,0,0.0,0.0
마포구,공덕동,정비계획 수립,0,203808.54305936073,2697516.075544041,47372.16765550239,9473.020424528302,5579.312872340426,3041.219705882353,26.014252336448596,253.93227906976745,838.6910112359551,24.123711340206185,4.197860962566845,0,0,0.0,0.0
중랑구,면목동,정비계획 수립,0,203808.54305936073,2697516.075544041,47372.16765550239,9473.020424528302,5579.312872340426,3041.219705882353,26.014252336448596,253.93227906976745,838.6910112359551,24.123711340206185,4.197860962566845,0,0,0.0,0.0
구로구,가리봉동,정비계획 수립,0,40552.0,196251.99,35184.0,1828.0,3540.0,0.0,39.48,347.37,95.0,33.0,5.0,0,0,0.0,0.0
양천구,신정동,조합설립인가,0,44082.8,2697516.075544041,40507.8,139.3,3435.7,3041.219705882353,60.0,212.78,84.0,15.0,4.197860962566845,956,121,956.0,121.0
동작구,상도동,정비계획 수립,0,203808.54305936073,2697516.075544041,47372.16765550239,9473.020424528302,5579.312872340426,3041.219705882353,26.014252336448596,253.93227906976745,838.6910112359551,24.123711340206185,4.197860962566845,0,0,0.0,0.0
구로구,고척동,조합설립추진위원회승인,999,203808.54305936073,2697516.075544041,47372.16765550239,9473.020424528302,5579.312872340426,3041.219705882353,26.014252336448596,253.93227906976745,838.6910112359551,24.123711340206185,4.197860962566845,0,0,0.0,0.0
도봉구,쌍문동,정비계획 수립,180,203808.54305936073,2697516.075544041,47372.16765550239,9473.020424528302,5579.312872340426,3041.219705882353,26.014252336448596,253.93227906976745,838.6910112359551,24.123711340206185,4.197860962566845,0,0,0.0,0.0
강북구,미아동,정비계획 수립,0,203808.54305936073,2697516.075544041,47372.16765550239,9473.020424528302,5579.312872340426,3041.219705882353,26.014252336448596,253.93227906976745,838.6910112359551,24.123711340206185,4.197860962566845,0,0,0.0,0.0
마포구,염리동,조합설립추진위원회승인,574,81426.0,187796.73,57164.0,16439.0,5823.0,3041.219705882353,25.06,239.95,75.0,24.123711340206185,4.197860962566845,1041,178,1041.0,178.0
성북구,돈암동,조합해산,326,20990.0,2697516.075544041,18648.8,1272.3,5579.312872340426,1069.0,17.49,242.07,838.6910112359551,24.123711340206185,4.197860962566845,406,84,406.0,84.0
성북구,석관동,조합해산,142,15232.0,33678.57,11148.0,1505.0,1047.0,1532.0,23.96,202.57,838.6910112359551,15.0,3.0,199,199,199.0,199.0
성북구,정릉동,조합해산,714,69998.6,2697516.075544041,47372.16765550239,9473.020424528302,5579.312872340426,3041.219705882353,26.014252336448596,253.93227906976745,838.6910112359551,24.123711340206185,4.197860962566845,1254,0,1254.0,0.0
성북구,보문동,조합해산,254,31252.9,2697516.075544041,47372.16765550239,9473.020424528302,5579.312872340426,3041.219705882353,20.7,219.87,42.0,15.0,4.0,440,79,440.0,79.0
중랑구,중화동,정비구역지정,981,203808.54305936073,303713.0,103151.0,10754.0,14310.0,9350.0,30.0,295.3,125.0,34.0,2.0,2317,550,2317.0,550.0
서대문구,홍제동,조합해산,494,49382.0,135077122.97,417.49,40.2,26.59,0.0,20.34,220.25,52.0,24.123711340206185,4.197860962566845,724,182,724.0,182.0
성동구,금호동,조합해산,865,51475.3,142229.95,35575.6,8502.1,2577.2,3041.219705882353,20.24,249.84,6015.0,20.0,4.0,847,210,847.0,210.0
성동구,상왕십리동,조합해산,446,69324.0,2697516.075544041,60857.0,2325.0,4222.0,3041.219705882353,34.33,245.0,42.0,25.0,3.0,937,211,937.0,211.0
성동구,금호동,조합청산,316,24267.8,80330.86,47372.16765550239,9473.020424528302,5579.312872340426,3041.219705882353,26.014252336448596,253.93227906976745,838.6910112359551,24.123711340206185,4.197860962566845,0,0,0.0,0.0
성동구,금호동,조합해산,986,58244.3,154614.27,4730.39,387.94,706.1,3041.219705882353,19.34,220.71,135.0,21.0,3.0,958,198,958.0,198.0
성동구,하왕십리동,조합해산,774,100666.39,2697516.075544041,8576.49,4011.9,2810.0,2480.0,21.39,224.06,42.0,25.0,3.0,1369,333,1369.0,333.0
동작구,노량진동,이전고시,236,17539.6,49333.84,15603.1,893.5,1043.0,3041.219705882353,20.76,198.46,42.0,15.0,2.0,299,0,299.0,0.0
은평구,응암동,조합해산,620,54729.8,140305.8,43124.6,5425.4,5428.7,283.0,22.67,213.85,45.0,15.0,4.0,748,219,748.0,219.0
강북구,미아동,이전고시,235,18474.6,2697516.075544041,16180.8,1275.8,5579.312872340426,782.0,21.02,213.39,43.0,24.123711340206185,4.197860962566845,376,70,376.0,70.0
양천구,신월동,이전고시,758,50978.0,2697516.075544041,40725.9,4800.7,3001.3,3041.219705882353,20.13,234.93,57.0,24.123711340206185,4.197860962566845,93000,160,93000.0,160.0
성동구,금호동,이전고시,238,20721.2,62483.49,17112.8,2774.4,834.0,3041.219705882353,22.91,224.44,838.6910112359551,24.123711340206185,4.197860962566845,403,83,403.0,83.0
양천구,신월동,이전고시,280,17152.0,55831.22,15555.4,1596.6,5579.312872340426,3041.219705882353,18.59,229.95,58.0,20.0,2.0,357,61,357.0,61.0
성동구,옥수동,조합청산,1432,92618.8,2697516.075544041,76023.89,9122.95,2718.46,3361.1,22.8,237.45,47.0,20.0,4.0,1511,310,1511.0,310.0
은평구,응암동,조합해산,194,18631.7,2697516.075544041,47372.16765550239,1885.0,1650.0,3041.219705882353,21.27,265.79,838.6910112359551,22.0,3.0,332,0,332.0,0.0
성동구,옥수동,조합해산,1515,124431.2,124431.2,18049.08,13741.1,19614.2,3041.219705882353,20.5,199.04,57.0,20.0,4.0,1569,328,1569.0,328.0
성동구,금호동,조합해산,477,33291.0,101029.67,28182.0,2119.5,1681.8,647.0,22.46,225.44,45.0,15.0,2.0,586,121,586.0,121.0
서대문구,남가좌동,조합해산,421,52867.7,15812.55,39304.0,6313.2,2987.8,1002.5,22.18,249.92,72.0,25.0,4.0,827,170,827.0,170.0
양천구,신월동,조합설립추진위원회승인,793,92546.13,236011.77,74172.3,12366.13,4640.0,3041.219705882353,34.45,207.09,838.6910112359551,13.0,2.0,1400,240,1400.0,240.0
성북구,종암동,조합해산,199,19506.0,54555.5,16728.0,1832.0,946.0,3041.219705882353,20.28,246.87,61.0,20.0,2.0,393,68,393.0,68.0
성북구,정릉동,조합해산,141,18107.0,55521.04,13919.2,3463.8,724.0,3041.219705882353,32.78,254.03,56.0,20.0,5.0,289,60,289.0,60.0
도봉구,쌍문동,이전고시,182,16627.44,2697516.075544041,16627.44,3254.22,1187.9,3041.219705882353,24.27,235.46,5780.0,18.0,2.0,293,50,293.0,50.0
동대문구,회기동,이전고시,103,14116.0,2697516.075544041,12100.0,1616.0,400.0,1815.0,25.86,190.19,50200.0,24.123711340206185,4.197860962566845,190,0,190.0,0.0
동대문구,용두동,조합청산,556,58262.5,170206.98,46188.7,6272.6,5579.312872340426,2994.1,17.07,235.08,838.6910112359551,20.0,2.0,1054,210,1054.0,210.0
성북구,길음동,조합해산,1309,104449.7,249924.94,76741.6,6853.1,5367.6,3041.219705882353,26.014252336448596,225.89,738.0,26.0,3.0,0,0,0.0,0.0
